Title,URL,Description
Internshala,https://internshala.com/,
Internshala,https://internshala.com/,
,"https://m.youtube.com/watch?v=-oe-gMt6yhU#:~:text=Yes%20there%20are%20scammers%20on,lot%20in%20my%20initial%20stages.",
,"https://internshala.com/post-job#:~:text=Yes%2C%20you%20can%20post%20jobs,location%20in%20India%20on%20Internshala.",
,"https://m.mouthshut.com/websites/Internshala-com-reviews-925769318#:~:text=It%20has%20been%20a%20great,a%20cake%20walk%20for%20me.",
,"https://ideausher.com/blog/internshala-case-study/#:~:text=Can%20we%20earn%20money%20through,that%20pays%20you%20a%20stipend.",
Internshala (@internshala) â€¢ Instagram photos and videos,https://www.instagram.com/internshala/?hl=en,
Internshala,https://in.linkedin.com/company/internshala,
Internshala Internships & Jobs - Apps on Google Play,https://play.google.com/store/apps/details?id=com.internshala.app&hl=en&gl=US,
Internshala,https://www.youtube.com/channel/UC97qxGRmPsyfV0Miz7AxU2A,
48 Internshala jobs in India (6 new),https://in.linkedin.com/jobs/internshala-jobs,
Internshala,https://en.wikipedia.org/wiki/Internshala,
Description,https://www.google.com/search?q=Internshala&sca_esv=592257846&source=hp&ei=zuaBZZLWAs3s-Aaix6TwAQ&iflsig=AO6bgOgAAAAAZYH03mlaEU_8DhIyVK0m6ap9nbEG83Rs#,
